subject.id,Filename
79864524,9000-9000-HYDRA-0011.JPG
79864523,9000-8000-HYDRA-0011.JPG
79864522,9000-7000-HYDRA-0011.JPG
79864521,9000-6000-HYDRA-0011.JPG
79864520,9000-5000-HYDRA-0011.JPG
79864519,9000-4000-HYDRA-0011.JPG
79864518,9000-3000-HYDRA-0011.JPG
79864517,9000-2000-HYDRA-0011.JPG
79864516,8000-9000-HYDRA-0011.JPG
79864515,8000-8000-HYDRA-0011.JPG
79864514,8000-7000-HYDRA-0011.JPG
79864513,8000-6000-HYDRA-0011.JPG
79864512,8000-5000-HYDRA-0011.JPG
79864511,8000-4000-HYDRA-0011.JPG
79864510,8000-3000-HYDRA-0011.JPG
79864509,8000-2000-HYDRA-0011.JPG
79864508,7000-9000-HYDRA-0011.JPG
79864507,7000-8000-HYDRA-0011.JPG
79864506,7000-7000-HYDRA-0011.JPG
79864505,7000-6000-HYDRA-0011.JPG
79864504,7000-5000-HYDRA-0011.JPG
79864503,7000-4000-HYDRA-0011.JPG
79864502,7000-3000-HYDRA-0011.JPG
79864501,7000-2000-HYDRA-0011.JPG
79864500,6000-9000-HYDRA-0011.JPG
79864499,6000-8000-HYDRA-0011.JPG
79864498,6000-7000-HYDRA-0011.JPG
79864497,6000-6000-HYDRA-0011.JPG
79864496,6000-5000-HYDRA-0011.JPG
79864495,6000-4000-HYDRA-0011.JPG
79864494,6000-3000-HYDRA-0011.JPG
79864493,6000-2000-HYDRA-0011.JPG
79864492,5000-9000-HYDRA-0011.JPG
79864491,5000-8000-HYDRA-0011.JPG
79864490,5000-7000-HYDRA-0011.JPG
79864489,5000-6000-HYDRA-0011.JPG
79864488,5000-5000-HYDRA-0011.JPG
79864487,5000-4000-HYDRA-0011.JPG
79864486,5000-3000-HYDRA-0011.JPG
79864485,5000-2000-HYDRA-0011.JPG
79864484,4000-9000-HYDRA-0011.JPG
79864483,4000-8000-HYDRA-0011.JPG
79864482,4000-7000-HYDRA-0011.JPG
79864481,4000-6000-HYDRA-0011.JPG
79864480,4000-5000-HYDRA-0011.JPG
79864479,4000-4000-HYDRA-0011.JPG
79864478,4000-3000-HYDRA-0011.JPG
79864477,4000-2000-HYDRA-0011.JPG
79864476,3000-9000-HYDRA-0011.JPG
79864475,3000-8000-HYDRA-0011.JPG
79864474,3000-7000-HYDRA-0011.JPG
79864473,3000-6000-HYDRA-0011.JPG
79864472,3000-5000-HYDRA-0011.JPG
79864471,3000-4000-HYDRA-0011.JPG
79864470,3000-3000-HYDRA-0011.JPG
79864469,3000-2000-HYDRA-0011.JPG
79864468,2000-9000-HYDRA-0011.JPG
79864467,2000-8000-HYDRA-0011.JPG
79864466,2000-7000-HYDRA-0011.JPG
79864465,2000-6000-HYDRA-0011.JPG
79864464,2000-5000-HYDRA-0011.JPG
79864463,2000-4000-HYDRA-0011.JPG
79864462,2000-3000-HYDRA-0011.JPG
79864461,2000-2000-HYDRA-0011.JPG
